-- Populate tables for libMgmt
USE libMgmt
GO

INSERT INTO book
VALUES
(1,'The Winning Game','Penguin'),
(2,'Good Eats','Penguin'),
(3,'Soul Food','Penguin'),
(4,'The Art of Hunting','Penguin'),
(5,'Lost in the Woods','Penguin'),
(6,'The Happy Family','Lighthouse'),
(7,'Endurance','Lighthouse'),
(8,'Future of the Ocean','Lighthouse'),
(9,'Enter Eternity','Lighthouse'),
(10,'Ogres and Pirates','Lighthouse'),
(11,'Stranger of the East','Full Moon'),
(12,'Fade into Ashes','Full Moon'),
(13,'The Lost Tribe','Full Moon'),
(14,'When the Dust Settles','Full Moon'),
(15,'Soldier of Eternity','Full Moon'),
(16,'Element of Dusk','Sattelite'),
(17,'Misery','Sattelite'),
(18,'The Last Stand','Sattelite'),
(19,'Cell','Sattelite'),
(20,'Thinner','Sattelite')

INSERT INTO book_authors
VALUES
(1,'Mark Davis'),
(2,'Anthony Bordane'),
(3,'Anthony Bordane'),
(4,'Dudley Doogan'),
(5,'Dudley Doogan'),
(6,'Lindsey Hunt'),
(7,'Emily Emiliason'),
(8,'Avery Anderson'),
(9,'Avery Anderson'),
(10,'Dani Desroche'),
(11,'Stanley Guy'),
(12,'Stanley Guy'),
(13,'Julie Jules'),
(14,'Richard Lee'),
(15,'Richard Lee'),
(16,'Richard Lee'),
(17,'Stephen King'),
(18,'Stephen King'),
(19,'Stephen King'),
(20,'Stephen King')

INSERT INTO publisher
VALUES
('Penguin','682 eagle drive Livonia MI 48150','555-1234'),
('Lighthouse','107 scott st Poughkeepsie NY 12603','555-5435'),
('Full Moon','3073 essex court Teague TX 75860','555-6786'),
('Sattelite','3911 vineyard dr Independence OH 44131','555-0909')

INSERT INTO library_branch
VALUES
(11,'Central','83 mattson st Milwaukie OR 97222'),
(12,'Sharpstown','1742 center st The Dalles OR 97508'),
(13,'Delta','2146 haymond rocks road Alsea OR 97234'),
(14,'Merrygrove','2097 longview ave Antelope OR 97001')

INSERT INTO borrower
VALUES
(110,'Mary Beasley','4057 Mattson Street Milwaukie OR 97222','555-4875'),
(111,'Donald Murrin','1200 Sycamore Road The Dalles OR 97958','555-6879'),
(112,'Rick Johnson','3816 Heron Way Milwaukie OR 97222','555-1648'),
(113,'Caroline Sain','3334 Griffin Street Antelope OR 97001','555-6846'),
(114,'Isaac Monroe','1787 Peck Court Alsea OR 97234','555-8784'),
(115,'Delma Wilkinson','1622 Godfrey Street Milwaukie OR 97222','555-6874'),
(116,'Nancy Yeager','4685 13th st Antelope OR 97001','555-3161'),
(117,'Jannette Richardson','238 Godfrey Street Milwaukie OR 97222','555-4315'),
(118,'Gabriel McManus','2941 Center Street The Dalles OR 97958','555-3674'),
(119,'Alexander Ricardo','101 Haymond Rocks Road Alsea OR 97234','555-9999'),
(120,'Jonathon Degan', '480 pelican way Alsea OR 97234', '555-54345'),
(121,'Jack Tully','590 alberta st Antelope OR 97001','555-0293')

INSERT INTO book_copies
VALUES
(1,11,2),
(2,11,4),
(3,11,5),
(5,11,2),
(6,11,8),
(8,11,3),
(10,11,6),
(12,11,3),
(14,11,8),
(15,11,2),
(20,11,4),
(1,12,3),
(2,12,4),
(5,12,4),
(6,12,2),
(9,12,4),
(10,12,2),
(13,12,4),
(14,12,2),
(16,12,4),
(17,12,6),
(18,12,4),
(20,12,8),
(1,13,5),
(2,13,2),
(3,13,6),
(6,13,4),
(9,13,3),
(10,13,5),
(11,13,4),
(12,13,2),
(13,13,6),
(14,13,4),
(16,13,3),
(17,13,4),
(18,13,2),
(20,13,2),
(1,14,2),
(2,14,3),
(4,14,2),
(5,14,6),
(6,14,2),
(7,14,4),
(8,14,5),
(13,14,5),
(14,14,6),
(16,14,7),
(17,14,2),
(19,14,2),
(20,14,6)

INSERT INTO book_loans
VALUES
(1,11,110,'20170103','20170118'),
(3,11,110,'20170103','20170118'),
(6,11,110,'20170110','20170125'),
(8,11,110,'20170110','20170125'),
(3,11,112,'20170104','20170119'),
(1,11,112,'20170104','20170119'),
(3,11,115,'20170107','20170122'),
(12,11,117,'20170102','20170117'),
(14,11,117,'20170103','20170118'),
(15,11,117,'20170104','20170119'),
(2,12,111,'20170102','20170117'),
(5,12,111,'20170102','20170117'),
(6,12,111,'20170105','20170120'),
(9,12,111,'20170105','20170120'),
(10,12,111,'20170105','20170120'),
(13,12,111,'20170105','20170120'),
(14,12,111,'20170107','20170122'),
(16,12,111,'20170107','20170122'),
(13,12,118,'20170101','20170116'),
(17,12,118,'20170114','20170129'),
(18,12,118,'20170114','20170129'),
(20,12,118,'20170114','20170129'),
(6,13,112,'20170115','20170130'),
(9,13,114,'20170109','20170124'),
(10,13,114,'20170109','20170124'),
(1,13,114,'20170109','20170124'),
(2,13,114,'20170109','20170124'),
(11,13,114,'20170109','20170124'),
(17,13,114,'20170109','20170124'),
(18,13,114,'20170109','20170124'),
(12,13,114,'20170109','20170124'),
(3,13,114,'20170109','20170124'),
(10,13,119,'20170108','20170123'),
(13,13,119,'20170108','20170123'),
(16,13,119,'20170108','20170123'),
(20,13,119,'20170108','20170123'),
(19,13,119,'20170108','20170123'),
(13,14,113,'20170110','20170125'),
(2,14,116,'20170111','20170126'),
(4,14,116,'20170111','20170126'),
(5,14,116,'20170111','20170126'),
(6,14,116,'20170111','20170126'),
(8,14,116,'20170111','20170126'),
(14,14,116,'20170111','20170126'),
(1,14,116,'20170111','20170126'),
(13,14,116,'20170112','20170127'),
(16,14,116,'20170112','20170127'),
(17,14,116,'20170112','20170127'),
(7,14,116,'20170112','20170127'),
(19,14,116,'20170112','20170127')